<?xml version="1.0" encoding="UTF-8"?>
<modification>
	<name><![CDATA[MagicToolbox MagicZoom mod for OpenCart]]></name>
        <version><![CDATA[4.3.14]]></version>
        <code><![CDATA[MagicZoom]]></code>
        <author><![CDATA[magictoolbox.com]]></author>
        <link><![CDATA[http://magictoolbox.com]]></link>
        
               <file path="admin/view/template/common/menu.tpl">
                <operation>
                        <search ><![CDATA[<?php if ($openbay_show_menu == 1) { ?>]]></search>
                        <add position="before" ><![CDATA[
                            <?php if ($module_installed) { ?>
                                <li><a href="<?php echo  $magiczoom_module_link; ?>"><img style="width:32px; margin-bottom: -1px;" src="<?php echo HTTP_SERVER; ?>controller/module/magiczoom-opencart-module/magiczoom.png" />MagicZoom</a></li>
                            <?php } ?>
                        ]]></add>
                </operation>
        </file>
        <file path="admin/controller/common/menu.php">
                <operation>
                        <search ><![CDATA[$data['openbay_show_menu'] = $this->config->get('openbaypro_menu');]]></search>
                        <add position="after" ><![CDATA[
                            
                            $rez = $this->db->query("SELECT * FROM ".DB_PREFIX."extension WHERE code = 'magiczoom'");
                            $data['module_installed'] = $rez->num_rows;
                            
                            $data['magiczoom_module_link'] = $this->url->link('module/magiczoom', 'token=' . $this->session->data['token'], true);
                        ]]></add>
                </operation>
        </file>
        <file path="admin/controller/common/column_left.php">
                <operation>
                        <search ><![CDATA[if ($extension) {]]></search>
                        <add position="before" ><![CDATA[
                        $rez = $this->db->query("SELECT * FROM ".DB_PREFIX."extension WHERE code = 'magiczoom'");
                        if ($this->user->hasPermission('access', 'extension/module/magiczoom') && $rez->num_rows) {
                            $extension[] = array(
                                    'name'     => '<img style="width:32px; margin-bottom: -1px;" src="'.HTTP_SERVER.'controller/extension/module/magiczoom-opencart-module/magiczoom.png" /> MagicZoom',
                                    'href'     => $this->url->link('extension/module/magiczoom', 'token=' . $this->session->data['token'], true),
                                    'children' => array()           
                            );
                        }
                        ]]></add>
                </operation>
        </file>
</modification>