<?xml version="1.0" encoding="UTF-8"?>
<modification>
	<id><![CDATA[MagicToolbox mod for OpenCart]]></id>
	<version><![CDATA[1.5]]></version>
	<vqmver required="false"><![CDATA[2.4.0]]></vqmver>
	<author><![CDATA[magictoolbox.com]]></author>
	<file path="catalog/controller/product/" name="product.php,category.php,manufacturer.php,search.php">
		<operation error="skip" info="">
			<search position="after"><![CDATA[<?php]]></search>
			<add><![CDATA[
			
    global $aFolder;
    if (!defined('HTTP_ADMIN')) define('HTTP_ADMIN','admin');
    $aFolder = preg_replace('/.*\/([^\/].*)\//is','$1',HTTP_ADMIN);
    if (!isset($GLOBALS['magictoolbox']['magiczoom']) && !isset($GLOBALS['magiczoom_module_loaded'])) {

	include (preg_match("/components\/com_(ayelshop|aceshop|mijoshop)\/opencart\//ims",__FILE__,$matches)?'components/com_'.$matches[1].'/opencart/':'').$aFolder.'/controller/module/magiczoom-opencart-module/module.php';
    };
			
			
			]]></add>
		</operation>
	</file>
	
	<file path="catalog/controller/common/" name="column_left.php">
		<operation error="skip">
		  <search position="after"><![CDATA[if (isset($part[1]) && isset($setting[$part[1]])) {]]></search>
			<add><![CDATA[$setting[$part[1]]['position'] = 'column_left';]]></add>
		</operation>
		<operation error="skip">
		  <search position="after"><![CDATA[$setting_info = $this->model_extension_module->getModule($part[1]);]]></search>
			<add><![CDATA[
			  if ($setting_info) {
			      $setting_info['position'] = 'column_left';
			  }
			  ]]></add>
		</operation>
		
	</file>
	
	<file path="catalog/controller/common/" name="column_right.php">
		<operation error="skip">
		  <search position="after"><![CDATA[if (isset($part[1]) && isset($setting[$part[1]])) {]]></search>
			<add><![CDATA[$setting[$part[1]]['position'] = 'column_right';]]></add>
		</operation>
		<operation error="skip">
		  <search position="after"><![CDATA[$setting_info = $this->model_extension_module->getModule($part[1]);]]></search>
			<add><![CDATA[
			 if ($setting_info) {
			    $setting_info['position'] = 'column_right';
			 }
			  ]]></add>
		</operation>
	</file>
	
	<file path="catalog/controller/common/" name="content_bottom.php">
		<operation error="skip">
		  <search position="after"><![CDATA[if (isset($part[1]) && isset($setting[$part[1]])) {]]></search>
			<add><![CDATA[$setting[$part[1]]['position'] = 'content_bottom';]]></add>
		</operation>
		<operation error="skip">
		  <search position="after"><![CDATA[$setting_info = $this->model_extension_module->getModule($part[1]);]]></search>
			<add><![CDATA[
			 if ($setting_info) {
			    $setting_info['position'] = 'content_bottom';
			 }
			  ]]></add>
		</operation>
	</file>
	
	<file path="catalog/controller/common/" name="content_top.php">
		<operation error="skip">
		  <search position="after"><![CDATA[if (isset($part[1]) && isset($setting[$part[1]])) {]]></search>
			<add><![CDATA[$setting[$part[1]]['position'] = 'content_top';]]></add>
		</operation>
		<operation error="skip">
		  <search position="after"><![CDATA[$setting_info = $this->model_extension_module->getModule($part[1]);]]></search>
			<add><![CDATA[
			   if ($setting_info) {
			      $setting_info['position'] = 'content_top';
			   }
			  ]]></add>
		</operation>
	</file>
	
	<file path="catalog/controller/product/" name="product.php">
	  
		<operation error="skip" info="Only for OpenCart 1.5.x">
		  <search position="replace" index="1" regex="true"><![CDATA[/\$this\->response\->setOutput\(\$this\->render\((?:TRUE)?\)(?:\,\s+\$this\->config\->get\(\'config_compression\'\))?\);/ims]]></search>
			<add><![CDATA[$this->response->setOutput(magiczoom($this->render(TRUE),$this,'product',$product_info), $this->config->get('config_compression'));]]></add>
		</operation>
			
		<operation error="skip" info="">
			<search position="after" ><![CDATA[$results = $this->model_catalog_product->getProductImages($this->request->get['product_id']);]]></search>
			<add><![CDATA[$product_info['images'] = $results;]]></add>
		</operation>
                
                <operation>
                    <search position="after"><![CDATA[$this->data['popup'] = $this->model_tool_image->resize($product_info['image'], $this->config->get('config_image_popup_width'), $this->config->get('config_image_popup_height'));]]></search>
                    <add><![CDATA[$this->data['popup'] .= '" id="mainimage';]]></add>
                </operation>
                
                <operation>
                    <search position="replace"><![CDATA['popup' => $this->model_tool_image->resize($result['image'], $this->config->get('config_image_popup_width'), $this->config->get('config_image_popup_height')),]]></search>
                    <add><![CDATA['popup' => $this->model_tool_image->resize($result['image'], $this->config->get('config_image_popup_width'), $this->config->get('config_image_popup_height')).'" id="selector',]]></add>
                </operation>
		
	</file>
	
	
	<file path="catalog/controller/product/" name="category.php">
	  
		<operation error="skip" info="Only for OpenCart 1.5.x">
		  <search position="replace" regex="true"><![CDATA[/\$this\->response\->setOutput\(\$this\->render\((?:TRUE)?\)(?:\,\s+\$this\->config\->get\(\'config_compression\'\))?\);/ims]]></search>
			<add><![CDATA[	$this->response->setOutput(magiczoom($this->render(TRUE),$this,'category', (isset($results) ? $results : array() )), $this->config->get('config_compression'));]]></add>
		</operation>
                 <operation>
                    <search><![CDATA[$image = $this->model_tool_image->resize($result['image'], $this->config->get('config_image_product_width'), $this->config->get('config_image_product_height'));]]></search>
                    <add position="replace"><![CDATA[$image = $this->model_tool_image->resize($result['image'], $this->config->get('config_image_product_width'), $this->config->get('config_image_product_height')).'" id="category_'.$result['product_id'].'"';]]></add>
                </operation>

	</file>
	
	<file path="catalog/controller/product/" name="manufacturer.php">
	  
		<operation error="skip" info="Only for OpenCart 1.5.x">
		  <search position="replace" index="2" regex="true"><![CDATA[/\$this\->response\->setOutput\(\$this\->render\((?:TRUE)?\)(?:\,\s+\$this\->config\->get\(\'config_compression\'\))?\);/ims]]></search>
			<add><![CDATA[	$this->response->setOutput(magiczoom($this->render(TRUE),$this,'manufacturers', (isset($results) ? $results : array() )), $this->config->get('config_compression'));]]></add>
		</operation>
                <operation>
                    <search><![CDATA[$image = $this->model_tool_image->resize($result['image'], $this->config->get('config_image_product_width'), $this->config->get('config_image_product_height'));]]></search>
                    <add position="replace"><![CDATA[$image = $this->model_tool_image->resize($result['image'], $this->config->get('config_image_product_width'), $this->config->get('config_image_product_height')).'" id="manufacturers_'.$result['product_id'].'"';]]></add>
                </operation>
		
	</file>
	<file path="catalog/controller/product/" name="search.php">
		<operation error="skip" info="Only for OpenCart 1.5.x">
		  <search position="replace" regex="true"><![CDATA[/\$this\->response\->setOutput\(\$this\->render\((?:TRUE)?\)(?:\,\s+\$this\->config\->get\(\'config_compression\'\))?\);/ims]]></search>
			<add><![CDATA[	$this->response->setOutput(magiczoom($this->render(TRUE),$this,'search', (isset($results) ? $results : array() )), $this->config->get('config_compression'));]]></add>
		</operation>
                <operation>
                    <search><![CDATA[$image = $this->model_tool_image->resize($result['image'], $this->config->get('config_image_product_width'), $this->config->get('config_image_product_height'));]]></search>
                    <add position="replace"><![CDATA[$image = $this->model_tool_image->resize($result['image'], $this->config->get('config_image_product_width'), $this->config->get('config_image_product_height')).'" id="search_'.$result['product_id'].'"';]]></add>
                </operation>
				
	</file>
	
	<file path="catalog/controller/common/" name="header.php">
		<operation error="skip" info="">
			<search position="after"><![CDATA[<?php]]></search>
			<add><![CDATA[
    	global $aFolder;
    if (!defined('HTTP_ADMIN')) define('HTTP_ADMIN','admin');
    $aFolder = preg_replace('/.*\/([^\/].*)\//is','$1',HTTP_ADMIN);
    if (!isset($GLOBALS['magictoolbox']['magiczoom']) && !isset($GLOBALS['magiczoom_module_loaded'])) {
	include (preg_match("/components\/com_(ayelshop|aceshop|mijoshop)\/opencart\//ims",__FILE__,$matches)?'components/com_'.$matches[1].'/opencart/':'').$aFolder.'/controller/module/magiczoom-opencart-module/module.php';
    };]]></add>
		</operation>

		<operation error="skip" info="Only for OpenCart 1.5.x">
			<search position="replace" regex="true"><![CDATA[/\$this\-\>render\(\);/ims]]></search>
			<add><![CDATA[
	    $this->render();
    $magiczoom_config = $this->config->get('magiczoom_settings');
    if($magiczoom_config['magiczoom_status'] != 0) {
        $tool = magiczoom_load_core_class($this);
        if(magiczoom_use_effect_on($tool)) {
            $this->output = magiczoom_set_headers($this->output);
        }
    }]]></add>
		</operation>
	</file>
	
	<file path="catalog/controller/module/" name="latest.php,bestseller.php,special.php,featured.php">
		<operation error="skip" info="">
			<search position="after"><![CDATA[<?php]]></search>
			<add><![CDATA[
    global $aFolder;
    if (!defined('HTTP_ADMIN')) define('HTTP_ADMIN','admin');
    $aFolder = preg_replace('/.*\/([^\/].*)\//is','$1',HTTP_ADMIN);
    if (!isset($GLOBALS['magictoolbox']['magiczoom']) && !isset($GLOBALS['magiczoom_module_loaded'])) {
	include (preg_match("/components\/com_(ayelshop|aceshop|mijoshop)\/opencart\//ims",__FILE__,$matches)?'components/com_'.$matches[1].'/opencart/':'').$aFolder.'/controller/module/magiczoom-opencart-module/module.php';
    };]]></add>
		</operation>
		<operation error="skip" info="Only for OpenCart 1.5.x">
			<search position="after" regex="true"><![CDATA[/\$this\-\>render\(\);/ims]]></search>
			<add><![CDATA[
	global $aFolder; include($aFolder.'/controller/module/magiczoom-opencart-module/boxes.inc');]]></add>
		</operation>
		
	</file>
	<file path="catalog/controller/module/" name="featured.php">
		<operation error="skip" info="">
			<search position="after" regex="true"><![CDATA[/\$product\_info = \$this\-\>model\_catalog\_product\-\>getProduct\(\$product\_id\);/ims]]></search>
			<add><![CDATA[
	$product_infos[] = $product_info;]]></add>
		</operation>
		
	</file>
        
        
        <file path="catalog/controller/module/latest.php">
                <operation>
                        <search position="replace"  ><![CDATA[$image = $this->model_tool_image->resize($result['image'], $setting['image_width'], $setting['image_height']);]]></search>
                        <add><![CDATA[$image = $this->model_tool_image->resize($result['image'], $setting['image_width'], $setting['image_height']).'" id="latest_'.$result['product_id'].'"';]]></add>
                </operation>
        </file>
        
        <file path="catalog/controller/module/bestseller.php"> 
                <operation>
                        <search position="replace"  ><![CDATA[$image = $this->model_tool_image->resize($result['image'], $setting['image_width'], $setting['image_height']);]]></search>
                        <add><![CDATA[$image = $this->model_tool_image->resize($result['image'], $setting['image_width'], $setting['image_height']).'" id="bestseller_'.$result['product_id'].'"';]]></add>
                </operation>
        </file>

        
        <file path="catalog/controller/module/special.php"> 
                <operation>
                        <search position="replace"><![CDATA[$image = $this->model_tool_image->resize($result['image'], $setting['image_width'], $setting['image_height']);]]></search>
                        <add><![CDATA[$image = $this->model_tool_image->resize($result['image'], $setting['image_width'], $setting['image_height']).'" id="special_'.$result['product_id'].'"';]]></add>
                </operation>
        </file>

        
        <file path="catalog/controller/module/featured.php">
                <operation>
                        <search position="replace"><![CDATA[$image = $this->model_tool_image->resize($product_info['image'], $setting['image_width'], $setting['image_height']);]]></search>
                        <add><![CDATA[$image = $this->model_tool_image->resize($product_info['image'], $setting['image_width'], $setting['image_height']).'" id="featured_'.$product_info['product_id'].'"';]]></add>
                </operation>
        </file>
        <file path="system/engine/" name="action.php">
                <operation error="skip" info="fix for manual installation">
                        <search position="replace"><![CDATA[if (is_dir(DIR_APPLICATION . 'controller/' . $path)) {]]></search>
                        <add><![CDATA[if (is_dir(DIR_APPLICATION . 'controller/' . $path) && $path != 'extension/module') {]]></add>
                </operation>
                
        </file>        
</modification>